"contrast","Sex","Selection","effect.size","SE","df","lower.CL","upper.CL"
"HD - ID","Female","CU",-2.06519435829666,0.188704223650387,5.94968496637556,-2.52788515783389,-1.60250355875942
"HD - LD","Female","CU",-5.05243584267288,0.185360188175296,5.94968496637556,-5.5069272791131,-4.59794440623267
"ID - LD","Female","CU",-2.98724148437622,0.199221439891695,5.94968496637556,-3.47571983173545,-2.49876313701699
"HD - ID","Male","CU",-1.65681082554785,0.190994642537371,5.94968496637558,-2.12511758706831,-1.1885040640274
"HD - LD","Male","CU",-4.35239540380379,0.185004696751644,5.94968496637558,-4.80601519779819,-3.89877560980939
"ID - LD","Male","CU",-2.69558457825594,0.186357388858984,5.94968496637558,-3.15252108758699,-2.23864806892488
"HD - ID","Female","MB",-1.79941950462768,0.188784367550292,5.94968496637555,-2.26230681192933,-1.33653219732604
"HD - LD","Female","MB",-5.85410118318976,0.190749908090236,5.94968496637559,-6.32180787135294,-5.38639449502659
"ID - LD","Female","MB",-4.05468167856208,0.209756877643462,5.94968496637555,-4.56899225173238,-3.54037110539178
"HD - ID","Male","MB",-1.08227856625953,0.184844831544095,5.94968496637559,-1.53550638089455,-0.62905075162451
"HD - LD","Male","MB",-4.13428269136267,0.182610163844226,5.94968496637559,-4.58203124239272,-3.68653414033263
"ID - LD","Male","MB",-3.05200412510315,0.184313207141983,5.94968496637559,-3.50392843038947,-2.60007981981682
