"Trait","Effect","Chisq","Df","Pr(>Chisq)"
"Femur","(Intercept)",0.000184321124992122,1,0.989167859704585
"Femur","Treatment",32.4170296411541,2,9.13548173363844e-08
"Femur","Sex",46.4632991910816,1,9.33506176237029e-12
"Femur","Selection",19.9679613431087,1,7.87506899721281e-06
"Femur","Treatment:Sex",8.26754533146446,2,0.0160223178068437
"Femur","Treatment:Selection",7.15382825468686,2,0.0279618519716071
"Femur","Sex:Selection",0.361456645022068,1,0.54769836305054
"Femur","Treatment:Sex:Selection",0.0224627862019363,2,0.988831443526888
"LW","(Intercept)",1.45693447509728e-05,1,0.996954497103128
"LW","Treatment",18.7913809396878,2,8.30813366942173e-05
"LW","Sex",101.504213689099,1,7.13115837546687e-24
"LW","Selection",27.122685908997,1,1.90944015011365e-07
"LW","Treatment:Sex",10.3535678326482,2,0.00564613569097014
"LW","Treatment:Selection",6.9309623216519,2,0.0312579617007272
"LW","Sex:Selection",0.870017452914221,1,0.350950476981455
"LW","Treatment:Sex:Selection",0.180118496186178,2,0.913877038195357
"RW","(Intercept)",0.000234453539644405,1,0.987783368098886
"RW","Treatment",20.4801338550637,2,3.57104595487354e-05
"RW","Sex",97.2487879270733,1,6.11414229283006e-23
"RW","Selection",9.79125041671909,1,0.00175344187010955
"RW","Treatment:Sex",14.3603962622787,2,0.0007615169469825
"RW","Treatment:Selection",6.47832889810952,2,0.039196632203411
"RW","Sex:Selection",0.300029168309462,1,0.583864135440376
"RW","Treatment:Sex:Selection",3.40053836193259,2,0.182634355743087
"Thorax","(Intercept)",5.99373311610854e-06,1,0.99804661284213
"Thorax","Treatment",11.3443806332376,2,0.00344032162399868
"Thorax","Sex",44.7185393509958,1,2.2749304041701e-11
"Thorax","Selection",3.2455207286496,1,0.0716189292181535
"Thorax","Treatment:Sex",4.23378138170401,2,0.120405424774958
"Thorax","Treatment:Selection",3.82816535135725,2,0.1474770548446
"Thorax","Sex:Selection",0.0710738320830282,1,0.789779651043377
"Thorax","Treatment:Sex:Selection",6.84627545230885,2,0.0326099531403274
"Tibia","(Intercept)",3.4660466984346e-05,1,0.995302630132741
"Tibia","Treatment",54.191371337847,2,1.70802109672916e-12
"Tibia","Sex",82.813424591027,1,9.01754653472972e-20
"Tibia","Selection",7.80004655648589,1,0.00522448882651234
"Tibia","Treatment:Sex",5.93074652815368,2,0.0515412271655719
"Tibia","Treatment:Selection",6.45440162456347,2,0.0396683827733148
"Tibia","Sex:Selection",0.497315015420664,1,0.48068226279305
"Tibia","Treatment:Sex:Selection",0.446428397595623,2,0.799943484009498
"Wings","(Intercept)",2.21960128870373e-06,1,0.998811285979851
"Wings","Treatment",26.5172907360846,2,1.74519306747664e-06
"Wings","Sex",122.964741505257,1,1.41949095140193e-28
"Wings","Selection",21.9079681555269,1,2.86043731613497e-06
"Wings","Treatment:Sex",14.570823422493,2,0.000685465964203909
"Wings","Treatment:Selection",8.29940372002458,2,0.0157691171884906
"Wings","Sex:Selection",0.692024197658138,1,0.405476728292716
"Wings","Treatment:Sex:Selection",1.36515637158823,2,0.505312521938949
