"contrast","Treatment","estimate","SE","df","t.ratio","p.value"
"Female CU - Male CU","HD",0.717635192600392,0.161795455195253,701.000000000562,4.4354471621861,6.28988137431064e-05
"Female CU - Female MB","HD",-0.0304685449939801,0.161795455195253,701.000000000562,-0.188315209207892,0.997630624633658
"Female CU - Male MB","HD",0.18491630226959,0.161795455195253,701.000000000562,1.14290170911436,0.663040378970766
"Male CU - Female MB","HD",-0.748103737594372,0.161795455195253,701.000000000562,-4.62376237139399,2.65772416044863e-05
"Male CU - Male MB","HD",-0.532718890330802,0.161795455195253,701.000000000562,-3.29254545307174,0.0057380833454298
"Female MB - Male MB","HD",0.21538484726357,0.161795455195253,701.000000000562,1.33121691832225,0.543290167356386
"Female CU - Male CU","ID",1.07954067925573,0.164659313902256,701.000000000562,6.55620780672364,0
"Female CU - Female MB","ID",0.205058527095346,0.161795455195253,701.000000000562,1.26739361651342,0.584059489588863
"Female CU - Male MB","ID",1.05596664963318,0.161795455195253,701.000000000526,6.52655322338229,0
"Male CU - Female MB","ID",-0.874482152160387,0.164659313902256,701.000000000526,-5.31085749986477,8.73712972082608e-07
"Male CU - Male MB","ID",-0.0235740296225521,0.164659313902256,701.000000000562,-0.143168516033936,0.998952962298857
"Female MB - Male MB","ID",0.850908122537835,0.161795455195253,701.000000000526,5.25915960686887,1.14672832940421e-06
"Female CU - Male CU","LD",1.33800417271588,0.161795455195253,701.000000000526,8.26972655753029,0
"Female CU - Female MB","LD",-0.740896517546285,0.161795455195253,701.000000000526,-4.57921711491946,3.26795039753414e-05
"Female CU - Male MB","LD",0.998574631763111,0.161795455195253,701.000000000526,6.17183363128491,4.13464407156283e-09
"Male CU - Female MB","LD",-2.07890069026217,0.161795455195253,701.000000000526,-12.8489436724497,0
"Male CU - Male MB","LD",-0.339429540952772,0.161795455195253,701.000000000526,-2.09789292624538,0.154758802932822
"Female MB - Male MB","LD",1.7394711493094,0.161795455195253,701.000000000526,10.7510507462044,0
