"contrast","Treatment","Selection","effect.size","SE","df","lower.CL","upper.CL","Trait"
"Female - Male","HD","CU",-0.435579237092873,0.182943893427187,36.2862188158326,-0.80650505818206,-0.0646534160036853,"Femur"
"Female - Male","ID","CU",-0.226399587772992,0.185904053740448,36.2862188158326,-0.603327248410811,0.150528072864826,"Femur"
"Female - Male","LD","CU",-0.731909204358422,0.182967350949873,36.2862188158325,-1.10288258648231,-0.360935822234536,"Femur"
"Female - Male","HD","MB",-0.500185652688729,0.182624138691928,36.286218815832,-0.8704631586825,-0.129908146694958,"Femur"
"Female - Male","ID","MB",-0.312516289132149,0.182764592627666,36.2862188158319,-0.683078570914076,0.0580459926497773,"Femur"
"Female - Male","LD","MB",-0.850855578696365,0.183312383631969,36.2862188158319,-1.22252852793075,-0.479182629461976,"Femur"
"Female - Male","HD","CU",0.627768767146993,0.183341285035414,22.8722252452011,0.248381148030027,1.00715638626396,"LW"
"Female - Male","ID","CU",0.430279973364662,0.186160350853749,22.872225245201,0.0450588690687,0.815501077660625,"LW"
"Female - Male","LD","CU",0.992280520161366,0.182745558468199,22.8722252452011,0.614125636398778,1.37043540392395,"LW"
"Female - Male","HD","MB",0.677632796839789,0.182615011159687,22.872225245201,0.299748054265254,1.05551753941432,"LW"
"Female - Male","ID","MB",0.613757218835688,0.183064872734842,22.8722252452011,0.234941578935451,0.992572858735925,"LW"
"Female - Male","LD","MB",1.1773161392518,0.183099442587628,22.872225245201,0.798428964049849,1.55620331445375,"LW"
"Female - Male","HD","CU",0.550212254370541,0.18316373959394,282.628141083143,0.189674023112311,0.910750485628771,"RW"
"Female - Male","ID","CU",0.642543689828879,0.186170669043472,282.628141083143,0.276086639552998,1.00900074010476,"RW"
"Female - Male","LD","CU",0.896046638568413,0.183008485361867,282.628141083143,0.535814008660927,1.2562792684759,"RW"
"Female - Male","HD","MB",0.411149913315901,0.182576258524711,282.628141083143,0.0517680757088763,0.770531750922926,"RW"
"Female - Male","ID","MB",0.557466144136501,0.182791555132185,282.628141083143,0.197660518184542,0.917271770088461,"RW"
"Female - Male","LD","MB",1.36587537578125,0.182892078214785,282.628141083143,1.00587188089255,1.72587887066994,"RW"
"Female - Male","HD","CU",0.31503766967968,0.182767675791778,3.86824368402869,-0.199296469592295,0.829371808951654,"Thorax"
"Female - Male","ID","CU",0.168067351769601,0.185837105106356,3.8682436840287,-0.354904596555481,0.691039300094684,"Thorax"
"Female - Male","LD","CU",0.956850305547015,0.182624268609105,3.86824368402868,0.44291973440899,1.47078087668504,"Thorax"
"Female - Male","HD","MB",0.630455789034362,0.182609515800725,3.8682436840287,0.116566734389706,1.14434484367902,"Thorax"
"Female - Male","ID","MB",0.484800408999752,0.183032059053678,3.8682436840287,-0.0302777422363613,0.999878560235866,"Thorax"
"Female - Male","LD","MB",0.444279136160151,0.182752887055783,3.8682436840287,-0.0700133855130554,0.958571657833358,"Thorax"
"Female - Male","HD","CU",-0.461955627978727,0.182989971784417,7.01138539042146,-0.894515755815188,-0.0293955001422659,"Tibia"
"Female - Male","ID","CU",-0.469971865553023,0.185829075096544,7.01138539042144,-0.909243196630071,-0.0307005344759739,"Tibia"
"Female - Male","LD","CU",-0.950826203917281,0.183379784751396,7.01138539042145,-1.38430778960842,-0.517344618226139,"Tibia"
"Female - Male","HD","MB",-0.598989434174623,0.182676496430486,7.01138539042144,-1.03080855452391,-0.167170313825337,"Tibia"
"Female - Male","ID","MB",-0.678888160667581,0.182655226394772,7.01138539042146,-1.11065700192628,-0.24711931940888,"Tibia"
"Female - Male","LD","MB",-0.92119089007203,0.183415639830709,7.01138539042148,-1.35475723165192,-0.487624548492135,"Tibia"
"Female - Male","HD","CU",0.655696565949536,0.183410896542467,60.2211226370104,0.288847854311283,1.02254527758779,"Wings"
"Female - Male","ID","CU",0.594432725645921,0.186404894563251,60.2211226370106,0.221595578547848,0.967269872743993,"Wings"
"Female - Male","LD","CU",1.05023650562914,0.182962823404512,60.2211226370106,0.68428400602887,1.41618900522942,"Wings"
"Female - Male","HD","MB",0.608583521351767,0.182578738839718,60.2211226370115,0.243399247251784,0.97376779545175,"Wings"
"Female - Male","ID","MB",0.651296190019699,0.182992786497193,60.2211226370111,0.28528375983649,1.01730862020291,"Wings"
"Female - Male","LD","MB",1.41361967836682,0.183138889083116,60.2211226370115,1.04731502156882,1.77992433516483,"Wings"
