"contrast","Sex","Selection","effect.size","SE","df","lower.CL","upper.CL","Trait"
"HD - ID","Female","CU",-0.2269398975479,0.182674616375728,36.2862188158326,-0.597319748998299,0.143439953902498,"Femur"
"HD - LD","Female","CU",-0.502035573667262,0.183065149062961,36.2862188158326,-0.873207245248742,-0.130863902085782,"Femur"
"ID - LD","Female","CU",-0.275095676119362,0.182721741399124,36.2862188158326,-0.645571075377724,0.0953797231390005,"Femur"
"HD - ID","Male","CU",-0.0177602482280198,0.185806442801373,36.2862188158327,-0.394489998910795,0.358969502454755,"Femur"
"HD - LD","Male","CU",-0.79836554093281,0.182859707646657,36.2862188158325,-1.16912067209526,-0.427610409770365,"Femur"
"ID - LD","Male","CU",-0.780605292704791,0.186113021435396,36.2862188158325,-1.15795664342801,-0.403253941981572,"Femur"
"HD - ID","Female","MB",-0.443888595825876,0.182665453339929,36.286218815832,-0.814249868866722,-0.0735273227850306,"Femur"
"HD - LD","Female","MB",-0.212587421080378,0.182662317879019,36.2862188158319,-0.582942336852934,0.157767494692177,"Femur"
"ID - LD","Female","MB",0.231301174745498,0.182574213257396,36.2862188158319,-0.1388751054984,0.601477454989396,"Femur"
"HD - ID","Male","MB",-0.256219232269296,0.182702193140078,36.2862188158319,-0.626654996676219,0.114216532137627,"Femur"
"HD - LD","Male","MB",-0.563257347088013,0.183191978993114,36.286218815832,-0.934686171259283,-0.191828522916744,"Femur"
"ID - LD","Male","MB",-0.307038114818717,0.182757979087627,36.2862188158319,-0.677586987392369,0.0635107577549344,"Femur"
"HD - ID","Female","CU",0.274477999460485,0.182721079791396,22.872225245201,-0.10362623064322,0.65258222956419,"LW"
"HD - LD","Female","CU",0.420497070466264,0.182918757724688,22.8722252452011,0.0419837859564599,0.799010354976068,"LW"
"ID - LD","Female","CU",0.146019071005779,0.182615770502192,22.872225245201,-0.231867242874123,0.523905384885681,"LW"
"HD - ID","Male","CU",0.0769892056781544,0.185817198543011,22.8722252452011,-0.307521814480784,0.461500225837093,"LW"
"HD - LD","Male","CU",0.785008823480636,0.183068500733275,22.8722252452011,0.406185676173175,1.1638319707881,"LW"
"ID - LD","Male","CU",0.708019617802482,0.186451121293468,22.8722252452011,0.322196823031767,1.0938424125732,"LW"
"HD - ID","Female","MB",0.210545024616219,0.182660632986067,22.872225245201,-0.167434123078728,0.588524172311166,"LW"
"HD - LD","Female","MB",-0.0625327487283968,0.182581813111561,22.872225245201,-0.440348794672845,0.315283297216052,"LW"
"ID - LD","Female","MB",-0.273077773344616,0.182719585475024,22.8722252452011,-0.651178911263542,0.10502336457431,"LW"
"HD - ID","Male","MB",0.146669446612119,0.182616141724532,22.8722252452011,-0.231217635437155,0.524556528661392,"LW"
"HD - LD","Male","MB",0.437150593683615,0.18294656296688,22.872225245201,0.0585797718622778,0.815721415504953,"LW"
"ID - LD","Male","MB",0.290481147071497,0.182738700191233,22.872225245201,-0.0876595448773428,0.668621839020337,"LW"
"HD - ID","Female","CU",0.102567956784098,0.18259470513444,282.628141083143,-0.256850191001236,0.461986104569431,"RW"
"HD - LD","Female","CU",0.430138024593172,0.182934723463251,282.628141083143,0.0700505870939647,0.790225462092379,"RW"
"ID - LD","Female","CU",0.327570067809074,0.182783367311185,282.628141083143,-0.0322194412929688,0.687359576911118,"RW"
"HD - ID","Male","CU",0.194899392242435,0.185806076157869,282.628141083143,-0.170839995932879,0.56063878041775,"RW"
"HD - LD","Male","CU",0.775972408791044,0.183257012084589,282.628141083143,0.415250580610856,1.13669423697123,"RW"
"ID - LD","Male","CU",0.581073016548609,0.186451865159242,282.628141083143,0.214062461793943,0.948083571303274,"RW"
"HD - ID","Female","MB",0.11010231083419,0.182597830233602,282.628141083143,-0.249321988374601,0.469526610042981,"RW"
"HD - LD","Female","MB",-0.259126260164121,0.182705113277878,282.628141083143,-0.618761734571197,0.100509214242955,"RW"
"ID - LD","Female","MB",-0.369228570998311,0.182839914367923,282.628141083143,-0.729129386933597,-0.00932775506302541,"RW"
"HD - ID","Male","MB",0.25641854165479,0.182702392297847,282.628141083143,-0.103211576794115,0.616048660103695,"RW"
"HD - LD","Male","MB",0.695599202301224,0.183515562600823,282.628141083143,0.334368445082895,1.05682995951955,"RW"
"ID - LD","Male","MB",0.439180660646433,0.182950025972497,282.628141083143,0.0790631017944423,0.799298219498425,"RW"
"HD - ID","Female","CU",0.320641090214195,0.182774616218598,3.86824368402869,-0.193712580402364,0.834994760830754,"Thorax"
"HD - LD","Female","CU",-0.217738689001396,0.182666639638871,3.86824368402868,-0.731788498221487,0.296311120218695,"Thorax"
"ID - LD","Female","CU",-0.538379779215591,0.183138693855465,3.86824368402868,-1.05375801589491,-0.0230015425362706,"Thorax"
"HD - ID","Male","CU",0.173670772304117,0.185834422152006,3.86824368402869,-0.349293625807228,0.696635170415463,"Thorax"
"HD - LD","Male","CU",0.42407394686594,0.182844681902592,3.86824368402868,-0.0904768985142272,0.938624792246107,"Thorax"
"ID - LD","Male","CU",0.250403174561823,0.185925976909591,3.86824368402868,-0.272818871611384,0.77362522073503,"Thorax"
"HD - ID","Female","MB",0.294095750905031,0.18265357935268,3.8682436840287,-0.219917304818974,0.808108806629036,"Thorax"
"HD - LD","Female","MB",-0.125582798915608,0.182604945900617,3.8682436840287,-0.639458993213769,0.388293395382552,"Thorax"
"ID - LD","Female","MB",-0.419678549820639,0.182783090887091,3.8682436840287,-0.93405606935526,0.0946989697139825,"Thorax"
"HD - ID","Male","MB",0.148440370870421,0.182617160893441,3.8682436840287,-0.365470198148505,0.662350939889347,"Thorax"
"HD - LD","Male","MB",-0.311759451789819,0.182763671985338,3.8682436840287,-0.8260823237831,0.202563420203462,"Thorax"
"ID - LD","Male","MB",-0.46019982266024,0.182986820701412,3.8682436840287,-0.975150666762453,0.0547510214419722,"Thorax"
"HD - ID","Female","CU",-0.517742467795472,0.183096306106376,7.01138539042144,-0.950553953602271,-0.0849309819886722,"Tibia"
"HD - LD","Female","CU",-0.654052377505513,0.18340671513624,7.01138539042145,-1.08759762248135,-0.220507132529671,"Tibia"
"ID - LD","Female","CU",-0.136309909710041,0.182610424758288,7.01138539042144,-0.567972846795877,0.295353027375795,"Tibia"
"HD - ID","Male","CU",-0.525758705369767,0.185858581028928,7.01138539042147,-0.965099783929475,-0.0864176268100598,"Tibia"
"HD - LD","Male","CU",-1.14292295344407,0.182970973321846,7.01138539042145,-1.57543817183922,-0.710407735048918,"Tibia"
"ID - LD","Male","CU",-0.6171642480743,0.186534446992793,7.01138539042145,-1.05810296974461,-0.176225526403994,"Tibia"
"HD - ID","Female","MB",-0.176504657218358,0.182634943853958,7.01138539042144,-0.608225553672425,0.255216239235708,"Tibia"
"HD - LD","Female","MB",-0.282205048283402,0.182729463302293,7.01138539042144,-0.714149374165082,0.149739277598279,"Tibia"
"ID - LD","Female","MB",-0.105700391065043,0.182595977519156,7.01138539042146,-0.537329177101261,0.325928394971174,"Tibia"
"HD - ID","Male","MB",-0.256403383711316,0.182702377146001,7.01138539042145,-0.688283682088571,0.175476914665939,"Tibia"
"HD - LD","Male","MB",-0.604406504180808,0.183285361288358,7.01138539042145,-1.03766488733881,-0.17114812102281,"Tibia"
"ID - LD","Male","MB",-0.348003120469492,0.18281026035345,7.01138539042147,-0.780138438143981,0.0841321972049971,"Tibia"
"HD - ID","Female","CU",0.218988872850283,0.182667704092818,60.2211226370104,-0.146373344813009,0.584351090513574,"Wings"
"HD - LD","Female","CU",0.494146036325642,0.183049859135814,60.2211226370104,0.128019452488847,0.860272620162436,"Wings"
"ID - LD","Female","CU",0.275157163475359,0.18272180734091,60.2211226370106,-0.0903132686246537,0.640627595575372,"Wings"
"HD - ID","Male","CU",0.157725032546667,0.185834742311842,60.2211226370106,-0.213971726369406,0.52942179146274,"Wings"
"HD - LD","Male","CU",0.888685976005248,0.183294189095383,60.2211226370106,0.522070696389892,1.2553012556206,"Wings"
"ID - LD","Male","CU",0.730960943458581,0.186827106860211,60.2211226370106,0.357279309800017,1.10464257711714,"Wings"
"HD - ID","Female","MB",0.186246036149005,0.182641834175949,60.2211226370111,-0.179064437883713,0.551556510181723,"Wings"
"HD - LD","Female","MB",-0.157438406203722,0.182622528145202,60.2211226370115,-0.522710265341471,0.207833452934027,"Wings"
"ID - LD","Female","MB",-0.343684442352727,0.182804441062859,60.2211226370111,-0.70932015402449,0.0219512693190361,"Wings"
"HD - ID","Male","MB",0.228958704816937,0.182676410636988,60.2211226370113,-0.136420927212521,0.594338336846394,"Wings"
"HD - LD","Male","MB",0.647597750811336,0.183390400688564,60.2211226370115,0.28079003388899,1.01440546773368,"Wings"
"ID - LD","Male","MB",0.418639045994399,0.182915722211667,60.2211226370113,0.0527807556926885,0.78449733629611,"Wings"
